Movie,Description,Rating,Genre
Shutter Island,"Teddy Daniels and Chuck Aule, two US marshals, are sent to an asylum on a remote island in order to investigate the disappearance of a patient, where Teddy uncovers a shocking truth about the place.",8.2,"Mystery, Thriller"
Unknown,"When a man awakens from a coma only to discover that someone has taken on his identity, he teams up with a young woman to prove who he is.",6.8,"Action, Mystery, Thriller"
Who Am I - Kein System ist sicher,"Benjamin, a young German computer whiz, is invited to join a subversive hacker group that wants to be noticed on the world's stage.",7.5,"Crime, Drama, Mystery"
Inside Man,"A police detective, a bank robber, and a high-power broker enter high-stakes negotiations after the criminal's brilliant heist spirals into a hostage situation.",7.6,"Crime, Drama, Mystery"
The Prestige,"After a tragic accident, two stage magicians in 1890s London engage in a battle to create the ultimate illusion while sacrificing everything they have to outwit each other.",8.5,"Drama, Mystery, Sci-Fi"
The Illusionist,"In turn-of-the-century Vienna, a magician uses his abilities to secure the love of a woman far above his social standing.",7.5,"Drama, Fantasy, Mystery"
Snowden,"The NSA's illegal surveillance techniques are leaked to the public by one of the agency's employees, Edward Snowden, in the form of thousands of classified documents distributed to the press.",7.3,"Biography, Crime, Drama"
The Shawshank Redemption,"Over the course of several years, two convicts form a friendship, seeking consolation and, eventually, redemption through basic compassion.",9.3,Drama
Colonia,"A young woman's desperate search for her abducted boyfriend draws her into the infamous Colonia Dignidad, a sect nobody has ever escaped from.",7,"Biography, Drama, History"
Rescue Dawn,A U.S. fighter pilot's epic struggle of survival after being shot down on a mission over Laos during the Vietnam War.,7.3,"Adventure, Biography, War"
Les Mis√©rables,"Valjean, a former criminal, has atoned for his past and now finds himself in the midst of the French Revolution, avoiding a law-obsessed policeman hell-bent on capturing him.",7.4,"Crime, Drama, Romance"
Snowpiercer,"In a future where a failed climate change experiment has killed all life except for the survivors who boarded the Snowpiercer (a train that travels around the globe), a new class system emerges.",7.1,"Action, Drama, Sci-Fi"
The Pursuit of Happyness,A struggling salesman takes custody of his son as he's poised to begin a life-changing professional career.,8,"Biography, Drama"
A Beautiful Mind,"After John Nash, a brilliant but asocial mathematician, accepts secret work in cryptography, his life takes a turn for the nightmarish.",8.2,"Biography, Drama"
The Count of Monte Cristo,"A young man, falsely imprisoned by his jealous ""friend"", escapes and uses a hidden treasure to exact his revenge.",7.7,"Action, Adventure, Drama"
Seven Pounds,A man with a fateful secret embarks on an extraordinary journey of redemption by forever changing the lives of seven strangers.,7.6,Drama
Ip Man,"During the Japanese invasion of China, a wealthy martial artist is forced to leave his home when his city is occupied. With little means of providing for themselves, Ip Man and the remaining members of the city must find a way to survive.",8,"Action, Biography, Drama"
Yip Man 2,Centering on Ip Man's migration to Hong Kong in 1949 as he attempts to propagate his discipline of Wing Chun martial arts.,7.5,"Action, Biography, Drama"
Yip Man 3,"When a band of brutal gangsters led by a crooked property developer make a play to take over a local school, Master Ip is forced to take a stand.",7,"Action, Biography, Drama"
Jungle,"A group of friends join a guide for a trek into the Bolivian jungle, searching for an Indian village. The men soon realize that the jungle is a difficult place to be.",6.7,"Action, Adventure, Biography"
The 33,"Based on the real-life event, when a gold and copper mine collapses, it traps 33 miners underground for 69 days.",6.9,"Biography, Drama, History"
Escape from Alcatraz,"Alcatraz is the most secure prison of its time. It is believed that no one can ever escape from it, until three daring men make a possibly successful attempt at escaping from one of the most infamous prisons in the world.",7.6,"Action, Biography, Crime"
Papillon,"Wrongfully convicted for murder, Henri Charriere forms an unlikely relationship with fellow inmate and quirky convicted counterfeiter, Louis Dega, in an attempt to escape from the notorious penal colony on Devil's Island.",7.2,"Adventure, Biography, Crime"
Traitor,"When straight arrow FBI agent Roy Clayton heads up the investigation into a dangerous international conspiracy, all clues seem to lead back to former U.S. Special Operations officer, Samir Horn.",6.9,"Action, Crime, Drama"
The Imitation Game,"During World War II, the English mathematical genius Alan Turing tries to crack the German Enigma code with help from fellow mathematicians while attempting to come to terms with his troubled private life.",8,"Biography, Drama, Thriller"
Schindler's List,"In German-occupied Poland during World War II, industrialist Oskar Schindler gradually becomes concerned for his Jewish workforce after witnessing their persecution by the Nazis.",9,"Biography, Drama, History"
The Pianist,A Polish Jewish musician struggles to survive the destruction of the Warsaw ghetto of World War II.,8.5,"Biography, Drama, Music"
